1,2,3,4,5,6,8,10,11,12,17,19
G1007_D20_V1,G1007_D5_V2,G1477_D5_V1,G7791_D5_V4,G1491_D20_V5,G1477_D20_V3,G1491_D5_V5,G1008_D5_V5,G7791_D20_V3,G7791_D5_V3,G1491_D20_V2,G1477_D20_V3
G1491_D20_V4,G1007_D5_V2,G1477_D20_V5,G1008_D5_V4,G1007_D5_V4,G7791_D20_V5,G7791_D20_V1,G1491_D5_V3,G7791_D5_V3,G1491_D5_V2,G1007_D5_V5,Blank2
G7791_D5_V4,G1491_D5_V3,G1008_D20_V3,G1491_D20_V5,G1007_D20_V4,Blank2,G7791_D5_V1,Blank1,G1008_D5_V3,Blank2,G7791_D20_V1,Blank1
G1007_D5_V5,G7791_D20_V5,G1007_D5_V3,G1491_D20_V5,G1477_D20_V2,G1007_D20_V1,G7791_D5_V1,G1477_D20_V4,G1007_D5_V2,G1477_D20_V2,G1491_D5_V1,G1007_D20_V4
G1007_D5_V5,G1491_D20_V2,G1008_D20_V3,G1491_D20_V5,G1008_D20_V4,G1491_D20_V2,G1008_D5_V1,G1007_D5_V4,G1477_D20_V1,G7791_D20_V4,G7791_D5_V2,G7791_D20_V1
G7791_D5_V4,G1007_D20_V2,G1008_D5_V4,G7791_D20_V3,G1477_D5_V4,G1008_D5_V2,G7791_D5_V1,G7791_D5_V2,G1491_D5_V5,G1477_D20_V2,G1007_D20_V2,G1008_D20_V4
Blank2,G7791_D5_V3,G1477_D20_V5,G1491_D5_V1,G1008_D5_V5,G1007_D5_V3,G1008_D20_V1,G1007_D20_V1,G1008_D20_V5,G1008_D20_V4,G7791_D5_V2,G1491_D5_V2
G1008_D5_V2,G7791_D20_V5,G1008_D5_V4,G1491_D5_V1,G1008_D5_V5,G1008_D5_V2,G1477_D20_V2,G1477_D20_V4,G1008_D20_V5,G7791_D5_V3,G1477_D20_V4,G1008_D20_V4
G1008_D5_V2,G7791_D5_V3,G7791_D5_V5,G1477_D5_V2,G7791_D5_V1,G1008_D20_V1,G1007_D20_V3,G1008_D20_V3,Blank2,G1491_D20_V3,G7791_D20_V1,G1477_D5_V3
G1491_D20_V4,G1477_D20_V5,G1008_D5_V4,G7791_D5_V4,G7791_D20_V5,G1477_D5_V3,G1007_D20_V3,G7791_D5_V2,G1007_D20_V5,G1491_D20_V3,G1007_D20_V2,G1008_D5_V3
Blank1,G1007_D20_V2,G1491_D5_V4,G1007_D20_V2,G1491_D5_V5,G1491_D5_V3,G1007_D5_V4,G7791_D20_V2,G7791_D20_V3,G1491_D5_V2,G1491_D5_V1,G1008_D20_V4
G1491_D5_V2,G1491_D5_V3,G1477_D5_V1,G1477_D20_V1,G7791_D20_V5,G1007_D5_V3,Blank1,G1491_D20_V4,G1008_D5_V3,G1007_D20_V3,G1491_D20_V2,G1491_D5_V2
G1491_D20_V4,G1008_D20_V2,G1007_D20_V5,Blank1,G1008_D5_V5,G1491_D5_V3,G7791_D20_V1,G1007_D5_V4,G1477_D20_V1,G1007_D5_V5,G1477_D20_V4,G1491_D5_V2
G1477_D5_V3,G1007_D5_V2,Blank1,G1007_D5_V1,Blank1,G1477_D20_V3,G1477_D5_V1,G1491_D20_V4,G1007_D20_V5,G1477_D5_V4,G1007_D5_V5,G1007_D20_V4
G1477_D20_V3,G1491_D5_V3,G1491_D5_V4,G1477_D20_V1,G1007_D5_V4,G1491_D20_V2,G1008_D5_V1,Blank2,G1007_D5_V2,G1008_D5_V4,G7791_D20_V1,G1008_D5_V3
G1477_D5_V3,G1008_D20_V2,Blank2,G1491_D5_V1,G1491_D20_V5,G1477_D20_V3,G1007_D5_V4,G7791_D20_V2,G1477_D5_V4,G1008_D20_V4,G1007_D5_V5,G1477_D5_V3
G7791_D5_V4,G1008_D5_V1,G7791_D20_V4,Blank2,G1491_D20_V5,G1491_D20_V2,G1008_D20_V1,G1008_D20_V3,G1491_D20_V1,G1491_D20_V3,G1477_D5_V5,G1491_D20_V1
G1008_D20_V2,G1008_D5_V1,G1007_D5_V3,G7791_D20_V3,G1491_D5_V5,G7791_D5_V5,Blank2,G1477_D20_V4,G7791_D20_V3,Blank1,Blank2,G7791_D20_V1
G1008_D5_V2,G1477_D5_V2,G1007_D20_V5,G1477_D5_V2,G1491_D5_V5,Blank1,G1491_D5_V5,G1007_D5_V4,G1008_D5_V3,G1007_D5_V5,Blank1,G7791_D20_V1
G7791_D20_V2,G1008_D20_V2,G7791_D20_V4,G1008_D20_V3,G1477_D5_V4,G7791_D20_V5,G1491_D20_V1,G7791_D20_V2,G1491_D20_V1,G7791_D5_V3,G1477_D5_V5,G1008_D5_V3
G1477_D20_V3,G1491_D20_V2,G1491_D20_V5,G1008_D20_V3,G1008_D20_V4,G1008_D20_V1,G1008_D5_V1,G7791_D5_V2,G7791_D5_V3,G1008_D5_V4,G1008_D20_V5,G1007_D5_V2
G7791_D20_V2,G1007_D20_V2,G1491_D20_V5,G7791_D20_V3,G1007_D20_V4,G1477_D5_V3,G1477_D20_V2,G1008_D20_V3,G1477_D20_V1,G1007_D5_V5,G1491_D5_V1,G7791_D5_V5
G1008_D20_V2,G7791_D20_V5,G1007_D5_V3,G1007_D20_V2,Blank2,G1008_D5_V2,G1477_D5_V1,G1477_D5_V2,G1491_D5_V5,G7791_D20_V4,G1008_D5_V5,G7791_D5_V5
G1008_D20_V2,G1491_D20_V2,G1007_D20_V5,G1007_D5_V1,G1008_D20_V4,G7791_D20_V5,G1477_D20_V2,G1008_D5_V5,G1477_D5_V4,G1008_D20_V4,G1008_D20_V5,G1477_D20_V3
G7791_D20_V2,G1477_D20_V5,G1008_D20_V3,G1477_D5_V2,G7791_D20_V5,G1007_D5_V3,G1007_D5_V4,G1477_D5_V2,G1007_D5_V2,G1008_D5_V4,G1008_D20_V5,G1491_D20_V1
G1007_D5_V5,Blank2,G1477_D20_V5,G1007_D5_V1,G1477_D20_V2,G1008_D20_V1,G1491_D5_V5,G1477_D5_V2,G1477_D5_V4,G1477_D5_V4,G1007_D20_V2,G1007_D20_V4
G1007_D20_V1,G1477_D5_V2,G1491_D20_V5,G1008_D20_V3,G1477_D20_V2,G7791_D5_V5,G1008_D20_V1,G1007_D20_V1,G1491_D20_V1,G1491_D5_V2,G1477_D5_V5,G1477_D20_V3
G1007_D20_V1,G7791_D5_V3,G7791_D20_V4,G1008_D5_V4,G1007_D5_V4,G7791_D5_V5,G7791_D20_V1,G1008_D5_V5,Blank1,G1477_D20_V2,G1008_D5_V5,G1477_D5_V3
G1477_D5_V3,G1477_D5_V2,G1477_D5_V1,G1007_D20_V2,G7791_D5_V1,G1491_D5_V3,G1007_D20_V3,G1007_D20_V1,G1008_D20_V5,G1007_D20_V3,G1491_D20_V2,G1491_D20_V1
G1491_D5_V2,Blank1,G7791_D5_V5,G1008_D5_V4,G1477_D5_V4,G1007_D20_V1,G1491_D20_V1,G1491_D20_V4,G1491_D5_V5,G1477_D5_V4,G1008_D5_V5,G1007_D5_V2
G1491_D5_V2,G1008_D5_V1,G1491_D5_V4,G7791_D5_V4,G1007_D20_V4,G1007_D20_V1,G1477_D5_V1,G1491_D5_V3,G7791_D5_V3,G1007_D20_V3,G7791_D5_V2,G1007_D5_V2
G1477_D20_V3,G1477_D20_V5,G7791_D5_V5,G1477_D20_V1,G7791_D5_V1,G1477_D5_V3,G1491_D20_V1,G1491_D5_V3,G1007_D20_V5,G7791_D20_V4,G1477_D20_V4,G7791_D5_V5
